City_ID,City,Lat,Lng,Max Temp,Humidity,Cloudiness,Wind Speed,Country,Date
0,hermanus,-34.4187,19.2345,13.22,88,100,7.36,ZA,1687636363
1,lata,40.1629,-8.3327,22.39,69,11,1.7,PT,1687636363
2,waitangi,-43.9535,-176.5597,11.01,81,100,1.34,NZ,1687636363
3,adamstown,-25.066,-130.1015,20.49,57,100,4.15,PN,1687636363
4,longyearbyen,78.2186,15.6401,4.91,81,75,5.14,SJ,1687636363
5,arfoud,31.4348,-4.2375,32.67,10,0,3.69,MA,1687636364
6,puerto natales,-51.7236,-72.4875,3.25,93,75,1.03,CL,1687636364
7,enewetak,11.3474,162.3373,27.85,79,82,8.01,MH,1687636364
8,nabire,-3.3667,135.4833,24.79,90,100,1.3,ID,1687636364
9,port-aux-francais,-49.35,70.2167,2.05,95,84,9.43,TF,1687636364
10,afaahiti,-17.75,-149.2833,26.93,83,66,6.94,PF,1687636364
11,grytviken,-54.2811,-36.5092,-4.96,77,71,4.89,GS,1687636365
12,ushtobe,45.2514,77.9838,16.0,29,0,1.36,KZ,1687636365
13,mathba,22.2855,89.9629,26.83,90,100,4.82,BD,1687636365
14,puerto ayora,-0.7393,-90.3518,28.98,86,100,1.79,EC,1687636365
15,tukzar,35.9483,66.4213,23.78,21,2,2.06,AF,1687636365
16,olonkinbyen,70.9221,-8.7187,5.98,97,67,5.21,SJ,1687636365
17,lihue,21.9789,-159.3672,27.77,69,100,8.75,US,1687636365
18,albany,42.6001,-73.9662,23.48,93,100,0.86,US,1687635912
19,chonchi,-42.6128,-73.8092,12.29,79,36,1.06,CL,1687636366
20,karliova,39.2983,41.0142,11.6,77,0,2.77,TR,1687636366
21,flying fish cove,-10.4217,105.6791,24.82,88,75,2.57,CX,1687636366
22,bredasdorp,-34.5322,20.0403,12.05,90,100,5.02,ZA,1687636366
23,kodiak,57.79,-152.4072,9.73,93,100,5.66,US,1687636366
24,qaqortoq,60.7167,-46.0333,6.13,75,8,2.72,GL,1687636367
25,ilulissat,69.2167,-51.1,5.01,70,20,4.63,GL,1687636367
26,pasighat,28.0667,95.3333,25.38,92,0,1.37,IN,1687636367
27,ribeira grande,38.5167,-28.7,22.22,73,40,5.14,PT,1687636367
28,khamis mushait,18.3064,42.7292,23.34,56,0,1.54,SA,1687636367
29,karyes,37.3,22.5,20.11,65,0,0.48,GR,1687636367
30,severnoye,56.3491,78.3619,7.13,93,34,0.58,RU,1687636368
31,nema,57.5067,50.5011,8.78,89,11,0.76,RU,1687636368
32,torreperogil,38.0345,-3.2307,30.87,23,0,1.33,ES,1687636368
33,saipan,15.1355,145.701,27.58,100,98,3.13,MP,1687636368
34,al muharraq,26.2572,50.6119,36.1,28,0,2.57,BH,1687636369
35,kingscliff,-28.2667,153.5667,7.89,87,40,3.09,AU,1687636369
36,thames,-37.1333,175.5333,13.5,92,100,6.11,NZ,1687636369
37,klyuchi,52.2667,79.1667,12.59,46,100,2.1,RU,1687636369
38,teknaf,20.8624,92.3058,25.76,92,100,4.62,BD,1687636369
39,cozumel,20.5083,-86.9458,29.97,88,100,4.47,MX,1687636132
40,bethel,41.3712,-73.414,26.05,80,75,1.54,US,1687636155
41,conception bay south,47.4999,-52.9981,25.53,66,23,5.05,CA,1687636370
42,vorgashor,67.5833,63.95,3.97,77,1,3.08,RU,1687636370
43,stanley,54.868,-1.6985,21.51,71,20,2.06,GB,1687635836
44,kharp,66.8014,65.8081,4.8,81,38,1.11,RU,1687636370
45,kende,11.5197,4.2603,24.14,79,100,4.82,NG,1687636370
46,st. john's,47.5649,-52.7093,25.66,65,20,7.2,CA,1687636371
47,petropavlovsk-kamchatsky,53.0452,158.6483,10.33,87,0,3.0,RU,1687636371
48,shimoda,34.6667,138.95,20.06,89,100,1.98,JP,1687636371
49,bartonville,40.6503,-89.652,35.26,35,0,2.57,US,1687636371
50,leua,48.2156,18.6071,16.74,89,32,3.17,SK,1687636372
51,udalguri,26.7667,92.1333,25.94,91,2,0.8,IN,1687636143
52,sol'-iletsk,51.1631,54.9918,15.33,48,97,2.54,RU,1687636372
53,todos santos,23.45,-110.2167,27.59,79,13,2.81,MX,1687636162
54,kendari,-3.945,122.4989,23.21,95,32,1.33,ID,1687636373
55,codrington,-38.2667,141.9667,9.97,88,96,8.36,AU,1687636373
56,edinburgh of the seven seas,-37.0676,-12.3116,13.44,67,19,7.62,SH,1687636373
57,nizhneudinsk,54.9076,99.0276,9.63,96,5,1.22,RU,1687636373
58,namibe,-15.1961,12.1522,17.0,87,58,3.82,AO,1687636373
59,ola,59.5833,151.2833,13.37,72,91,0.65,RU,1687636373
60,labytnangi,66.6572,66.4183,6.85,68,83,2.17,RU,1687636374
61,shush,32.1942,48.2436,37.6,10,0,8.1,IR,1687636374
62,lospalos,-8.5186,127.0025,21.65,94,71,2.02,TL,1687636374
63,margaret river,-33.95,115.0667,10.48,81,100,3.5,AU,1687636374
64,whitehorse,60.7161,-135.0538,22.79,37,75,5.14,CA,1687636244
65,tazovsky,67.4667,78.7,7.19,75,100,3.1,RU,1687636374
66,magadan,59.5667,150.8,13.21,76,56,0.21,RU,1687636374
67,weno,7.4515,151.8468,26.97,83,100,0.0,FM,1687636375
68,berdigestyakh,62.0989,126.6992,17.69,76,0,1.26,RU,1687636375
69,thompson,55.7435,-97.8558,26.09,34,40,4.63,CA,1687636375
70,novyy urgal,51.0736,132.5642,15.27,98,86,1.05,RU,1687636375
71,palapag,12.5458,125.1147,24.99,91,100,2.06,PH,1687636375
72,inhapim,-19.5492,-42.12,24.33,59,100,1.36,BR,1687636375
73,udachny,66.4167,112.4,13.03,57,98,2.84,RU,1687636376
74,swan hill,-35.3378,143.5544,6.56,56,0,5.5,AU,1687636376
75,saint-francois,46.4154,3.9054,23.69,53,0,0.0,FR,1687636376
76,nova sintra,14.8667,-24.7167,21.4,83,1,9.79,CV,1687636376
77,aripuana,-9.1667,-60.6333,34.24,32,99,0.89,BR,1687636376
78,fortuna,40.5982,-124.1573,15.52,88,100,3.6,US,1687636023
79,swift current,50.2834,-107.8014,23.45,40,0,4.63,CA,1687636215
80,kerikeri,-35.2268,173.9474,12.73,96,100,1.34,NZ,1687636377
81,susuman,62.7833,148.1667,24.5,37,40,0.96,RU,1687636377
82,anadyr,64.75,177.4833,8.28,87,100,4.0,RU,1687636377
83,lazaro cardenas,17.9583,-102.2,30.89,62,83,5.42,MX,1687636377
84,ginir,7.1333,40.7,14.82,83,80,2.36,ET,1687636377
85,saldanha,-33.0117,17.9442,13.03,93,4,5.67,ZA,1687636378
86,salinopolis,-0.6136,-47.3561,27.17,82,43,4.86,BR,1687636378
87,lebu,-37.6167,-73.65,12.78,92,100,2.11,CL,1687636378
88,port mathurin,-19.6833,63.4167,22.85,65,25,5.07,MU,1687636378
89,papatowai,-46.5619,169.4708,8.96,86,100,1.28,NZ,1687636378
90,constantia,44.1833,28.65,22.61,74,0,5.45,RO,1687636379
91,harqalah,36.0303,10.509,25.92,69,0,5.14,TN,1687636379
92,remire-montjoly,4.9167,-52.2667,29.02,79,75,3.6,GF,1687636379
93,vila franca do campo,37.7167,-25.4333,21.23,82,100,1.96,PT,1687636379
94,santa marta,11.2408,-74.199,32.03,66,40,5.14,CO,1687636379
95,hithadhoo,-0.6,73.0833,27.81,76,100,5.04,MV,1687636379
96,selfoss,63.9331,-20.9971,13.36,98,100,5.15,IS,1687636380
97,robertsport,6.7533,-11.3686,25.91,85,100,4.53,LR,1687636380
98,iqaluit,63.7506,-68.5145,5.85,81,100,1.03,CA,1687636380
99,blackmans bay,-43.0167,147.3167,5.41,93,66,2.76,AU,1687636380
100,guanica,17.9716,-66.908,30.85,76,31,5.15,PR,1687636380
101,souillac,-20.5167,57.5167,20.21,94,75,0.0,MU,1687636380
102,port alfred,-33.5906,26.891,12.88,90,75,1.34,ZA,1687636381
103,raja,8.4596,25.678,21.13,96,72,1.98,SS,1687636381
104,hawaiian paradise park,19.5933,-154.9731,26.52,77,75,4.12,US,1687636381
105,acajutla,13.5928,-89.8275,29.49,69,100,2.17,SV,1687636381
106,tromso,69.6496,18.957,11.01,93,100,1.03,NO,1687636381
107,castillos,-34.1667,-53.8333,17.65,82,100,1.95,UY,1687636381
108,awjilah,29.1081,21.2869,27.81,38,0,6.26,LY,1687636382
109,ushuaia,-54.8,-68.3,1.81,69,40,0.0,AR,1687636132
110,hadibu,12.65,54.0333,26.56,76,21,8.43,YE,1687636382
111,west island,-12.1568,96.8225,25.99,78,40,3.09,CC,1687636382
112,janakpur,26.7183,85.9065,30.53,66,100,4.54,NP,1687636382
113,vorotynets,56.0603,45.8633,9.09,94,43,0.46,RU,1687636382
114,luderitz,-26.6481,15.1594,13.81,88,0,3.83,NA,1687636382
115,sittwe,20.15,92.9,26.27,91,100,3.81,MM,1687636383
116,makoua,0.0069,15.6333,24.38,84,100,1.2,CG,1687636383
117,east london,-33.0153,27.9116,15.76,78,0,3.45,ZA,1687636383
118,lompoc,34.6391,-120.4579,23.21,73,38,5.81,US,1687636383
119,praia da vitoria,38.7333,-27.0667,23.14,73,20,3.85,PT,1687636383
120,avarua,-21.2078,-159.775,20.03,100,75,1.03,CK,1687636383
121,bardai,11.65,7.2333,25.36,68,66,5.32,NG,1687636383
122,mount gambier,-37.8333,140.7667,9.29,92,82,6.77,AU,1687636384
123,alaghsas,17.0187,8.0168,31.47,37,95,6.39,NE,1687636384
124,rio preto da eva,-2.6994,-59.6997,29.34,69,93,1.28,BR,1687636384
125,bonny,4.4522,7.1681,25.56,72,14,5.66,NG,1687636384
126,fort st. john,56.2499,-120.8529,23.94,41,75,3.09,CA,1687636384
127,smithers,54.7804,-127.1743,22.18,33,0,1.03,CA,1687636305
128,aasiaat,68.7098,-52.8699,2.22,83,99,2.45,GL,1687636385
129,port elizabeth,-33.918,25.5701,15.17,91,0,3.6,ZA,1687636385
130,vadso,70.0744,29.7487,16.49,88,100,4.63,NO,1687636385
131,atafu village,-8.5421,-172.5159,28.59,70,71,7.11,TK,1687636385
132,severo-yeniseyskiy,60.3725,93.0408,5.93,89,100,0.8,RU,1687636385
133,moyale,3.5167,39.0584,21.97,54,90,2.06,KE,1687636386
134,howard springs,-12.497,131.047,22.95,89,10,2.42,AU,1687636386
135,camayenne,9.535,-13.6878,27.5,82,57,4.61,GN,1687636386
136,kiama,-34.6833,150.8667,11.99,60,0,2.68,AU,1687636386
137,tanjungtiram,4.0613,98.3699,24.85,92,99,2.71,ID,1687636386
138,puno,-15.8333,-70.0333,14.76,16,0,3.83,PE,1687636387
139,pangody,65.85,74.4859,3.93,93,12,3.27,RU,1687636387
140,cidreira,-30.1811,-50.2056,19.62,87,99,3.09,BR,1687636387
141,akrehamn,59.2667,5.1833,18.89,82,100,4.12,NO,1687636387
142,carutapera,-1.195,-46.02,27.36,79,12,3.68,BR,1687636387
143,mizdah,31.4451,12.9801,28.66,33,0,4.49,LY,1687636387
144,hammerfest,70.6634,23.6821,11.25,87,0,5.14,NO,1687636273
145,georgetown,5.4112,100.3354,27.96,87,20,0.0,MY,1687636388
146,sitka,57.0531,-135.33,14.94,77,100,4.12,US,1687636388
147,saint-leu,-21.15,55.2833,19.48,97,35,6.92,RE,1687636388
148,labuan bajo,-8.4964,119.8877,24.56,79,100,1.5,ID,1687636388
149,tabou,4.423,-7.3528,24.64,86,100,5.23,CI,1687636388
150,tidjikja,18.5564,-11.4271,37.3,11,0,4.62,MR,1687636388
151,ancud,-41.8697,-73.8203,10.3,81,34,1.97,CL,1687636389
152,invercargill,-46.4,168.35,7.83,86,100,1.17,NZ,1687636389
153,fisterra,42.9049,-9.2629,19.3,92,1,5.2,ES,1687636389
154,rio grande,-32.035,-52.0986,25.06,93,100,2.83,BR,1687636389
155,opuwo,-18.0607,13.84,16.4,19,0,2.82,NA,1687636389
156,baikonur,45.6167,63.3167,21.8,38,100,3.78,KZ,1687636389
157,juneau,58.3019,-134.4197,17.0,100,100,5.66,US,1687636391
158,kingston,17.997,-76.7936,31.23,82,75,3.09,JM,1687636391
159,san luis de la loma,17.2706,-100.8939,30.79,65,100,3.51,MX,1687636391
160,almunecar,36.7339,-3.6907,34.27,60,0,0.71,ES,1687636391
161,bilibino,68.0546,166.4372,14.33,50,98,1.55,RU,1687636392
162,bikaner,28.0167,73.3,35.84,39,6,8.75,IN,1687636392
163,nemuro,43.3236,145.575,10.25,98,98,2.13,JP,1687636392
164,utrik,11.2278,169.8474,27.51,80,88,8.63,MH,1687636392
165,karukh,34.4811,62.5863,23.78,19,12,6.15,AF,1687636392
166,vernon,50.2581,-119.2691,29.5,37,7,2.06,CA,1687635836
167,turpan,42.9333,89.1667,29.38,21,100,2.21,CN,1687636393
168,colonia,50.9333,6.95,24.87,52,0,1.54,DE,1687636324
169,scottburgh,-30.2867,30.7532,16.1,84,30,2.67,ZA,1687636393
170,puerto baquerizo moreno,-0.9,-89.6,28.55,65,75,5.14,EC,1687636393
171,quezon,7.7303,125.0989,22.45,97,97,0.15,PH,1687636393
172,lluta,-16.0147,-72.0142,15.61,21,0,3.48,PE,1687636394
173,zhangye,38.9342,100.4517,20.47,32,79,3.78,CN,1687636394
174,lloydminster,53.2835,-110.0016,26.12,34,40,6.17,CA,1687636394
175,guiratinga,-16.3494,-53.7583,28.73,35,100,2.68,BR,1687636394
176,qoryooley,1.7878,44.53,24.17,83,95,6.2,SO,1687636394
177,yellowknife,62.456,-114.3525,15.31,41,75,8.75,CA,1687636395
178,college,64.8569,-147.8028,23.59,62,40,1.54,US,1687636395
179,banlung,13.7468,107.0045,22.48,96,100,0.74,KH,1687636395
180,uturoa,-16.7333,-151.4333,27.24,75,31,5.91,PF,1687636395
181,isafjordur,66.0755,-23.124,11.6,88,99,1.4,IS,1687636389
182,ouddorp,51.8117,3.9347,23.08,67,3,1.91,NL,1687636395
183,zabol,32.25,67.25,28.88,30,8,6.97,AF,1687636396
184,bukan,36.521,46.2089,19.89,54,0,2.77,IR,1687636396
185,tralee,52.2704,-9.7026,18.02,74,22,6.84,IE,1687636396
186,ambah,26.7075,78.2261,34.48,51,100,2.77,IN,1687636396
187,verden,52.9167,9.2333,23.85,87,43,2.0,DE,1687636396
188,kerimaki,61.9167,29.2833,14.97,88,46,1.54,FI,1687636396
189,ocean shores,46.9737,-124.1563,18.86,69,0,4.63,US,1687636397
190,pisco,-13.7,-76.2167,22.03,60,75,2.57,PE,1687636397
191,buala,-8.145,159.5921,26.51,85,100,3.55,SB,1687636397
192,el calafate,-50.3408,-72.2768,2.45,94,100,0.81,AR,1687636397
193,mount isa,-20.7333,139.5,11.87,76,54,0.0,AU,1687636397
194,mandera,3.9366,41.867,27.45,51,51,5.92,KE,1687636397
195,wailua homesteads,22.0669,-159.378,28.44,74,100,8.23,US,1687636397
196,okha,53.5739,142.9478,11.47,86,0,3.54,RU,1687636398
197,tura,25.5198,90.2201,23.51,94,17,2.85,IN,1687636398
198,carnarvon,-24.8667,113.6333,14.94,53,6,4.74,AU,1687636398
199,kourou,5.1552,-52.6478,29.03,76,23,4.41,GF,1687636398
200,chibougamau,49.9168,-74.3659,23.79,38,100,5.14,CA,1687636398
201,arvika,59.6553,12.5852,22.34,64,59,1.05,SE,1687636398
202,valdivia,-39.8142,-73.2459,13.05,85,93,0.74,CL,1687636399
203,sur,22.5667,59.5289,28.96,78,8,4.72,OM,1687636399
204,molina,-35.1167,-71.2833,16.32,97,100,3.6,CL,1687636399
205,la tuque,47.4334,-72.7824,29.14,45,96,2.06,CA,1687636399
206,al jawf,29.5,38.75,32.31,14,0,4.39,SA,1687636399
207,truth or consequences,33.1284,-107.2528,37.73,8,0,4.12,US,1687636400
208,"laikit, laikit ii (dimembe)",1.4792,124.9735,22.47,100,40,0.51,ID,1687636400
209,choele choel,-39.2667,-65.6833,15.38,35,100,7.89,AR,1687636395
210,punta arenas,-53.15,-70.9167,3.06,87,100,5.66,CL,1687636173
211,cabedelo,-6.9811,-34.8339,27.37,76,46,5.56,BR,1687636400
212,port lincoln,-34.7333,135.8667,13.17,70,81,11.25,AU,1687636400
213,salahonda,2.1019,-78.7217,27.2,80,96,5.58,CO,1687636400
214,ca mau,9.1769,105.15,26.29,84,68,2.53,VN,1687636401
215,ghat,24.9647,10.1728,32.53,13,1,5.17,LY,1687636401
216,balsas,-7.5325,-46.0356,32.86,33,9,1.9,BR,1687636401
217,concepcion del uruguay,-32.4825,-58.2372,22.2,78,100,2.97,AR,1687636255
218,kavieng,-2.5744,150.7967,25.85,89,100,5.17,PG,1687636401
219,valparaiso,-33.0393,-71.6273,20.13,81,75,4.63,CL,1687635671
220,ambovombe,-25.1667,46.0833,16.78,65,68,3.19,MG,1687636402
221,niquelandia,-14.4739,-48.4597,27.97,26,100,0.95,BR,1687636402
222,talnakh,69.4865,88.3972,8.45,95,100,2.48,RU,1687636402
223,san patricio,28.017,-97.5169,37.4,44,5,8.3,US,1687636402
224,looe,50.3578,-4.4542,20.69,83,7,5.17,GB,1687636402
225,usogorsk,63.4106,48.6872,12.24,66,83,0.61,RU,1687636402
226,mokrous,51.2333,47.5167,17.61,86,100,3.07,RU,1687636402
227,tiksi,71.6872,128.8694,13.93,72,21,2.69,RU,1687636403
228,paoua,7.2427,16.4406,20.71,96,100,1.63,CF,1687636403
229,kyzyl,51.7,94.45,12.66,80,100,4.47,RU,1687636403
230,winnemucca,40.973,-117.7357,27.03,18,0,4.12,US,1687636403
231,duluth,46.7833,-92.1066,20.32,85,100,13.89,US,1687636225
232,yuzhno-kurilsk,44.0306,145.8556,11.24,93,79,0.65,RU,1687636403
233,jamestown,42.097,-79.2353,24.45,79,100,2.57,US,1687636404
234,zemio,5.0314,25.1361,20.91,97,97,0.56,CF,1687636404
235,trairi,-3.2778,-39.2689,27.84,70,88,4.36,BR,1687636404
236,stony plain,53.5334,-114.0021,24.86,42,0,3.6,CA,1687636404
237,baganga,7.5739,126.56,25.35,88,99,1.78,PH,1687636404
238,posto fiscal rolim de moura,-13.0833,-62.2667,34.19,31,4,1.89,BR,1687636404
239,eforie sud,44.0229,28.6494,22.67,78,0,5.04,RO,1687636168
240,envira,-7.3,-70.2167,29.53,66,99,0.43,BR,1687636405
241,sandnessjoen,66.0217,12.6316,12.29,72,0,1.97,NO,1687636405
242,kangding,30.0513,101.9603,11.77,91,56,1.66,CN,1687636405
243,pendleton,45.6721,-118.7886,28.0,32,59,1.79,US,1687636266
244,bonthe,7.5264,-12.505,25.68,86,100,3.24,SL,1687636405
245,urucara,-2.5364,-57.76,31.03,57,81,1.43,BR,1687636406
246,luanda,-8.8368,13.2343,23.0,83,75,4.12,AO,1687636406
247,milan,45.4643,9.1895,27.86,45,0,2.06,IT,1687636376
248,hamilton,39.1834,-84.5333,30.91,53,20,5.14,US,1687635541
249,naze,28.3667,129.4833,24.51,92,99,3.29,JP,1687636406
250,ust-nera,64.5667,143.2,25.27,43,66,2.49,RU,1687636406
251,zhob,31.3411,69.4481,30.58,39,1,5.3,PK,1687636406
252,palmer,42.1584,-72.3287,25.36,79,84,1.34,US,1687636407
253,maroantsetra,-15.4333,49.7333,21.34,83,98,2.78,MG,1687636407
254,vorkuta,67.5,64.0,4.07,78,3,3.07,RU,1687636407
255,ust'-ilimsk,58.0006,102.6619,10.77,86,22,0.49,RU,1687636407
256,mili,6.0815,171.735,28.38,77,100,9.41,MH,1687636407
257,dondo,-19.6094,34.7431,20.73,83,0,2.21,MZ,1687636407
258,pudasjarvi,65.3833,26.9167,15.82,83,40,1.31,FI,1687636408
259,ubari,26.5921,12.7805,29.69,21,0,3.26,LY,1687636408
260,cockburn town,21.4612,-71.1419,28.34,75,89,8.3,TC,1687636154
261,salekhard,66.53,66.6019,7.11,65,96,2.36,RU,1687636408
262,kone,-21.0595,164.8658,15.5,90,30,1.09,NC,1687636408
263,nakhon thai,17.1006,100.8374,24.32,91,100,0.71,TH,1687636408
264,burang,30.25,81.1667,12.08,79,100,2.21,CN,1687636408
265,calca,-13.3333,-71.95,22.64,19,0,0.35,PE,1687636409
266,prien,30.1819,-93.2738,34.12,69,20,6.69,US,1687636409
267,nova vicosa,-17.8919,-39.3719,23.65,75,98,3.67,BR,1687636409
268,broken hill,-31.95,141.4333,6.05,50,0,7.19,AU,1687636409
269,neiafu,-18.65,-173.9833,18.38,100,20,0.0,TO,1687636409
270,longjiang,47.3303,123.1836,20.68,90,100,2.15,CN,1687636410
271,paita,-5.0892,-81.1144,24.39,71,88,6.6,PE,1687636410
272,itupiranga,-5.1347,-49.3267,32.18,50,25,1.1,BR,1687636410
273,azangaro,-14.9167,-70.2167,15.08,5,0,4.03,PE,1687636410
274,st ives,50.2086,-5.4875,20.18,84,23,6.02,GB,1687636410
275,new norfolk,-42.7826,147.0587,6.07,85,98,1.37,AU,1687636410
276,rafsanjan,30.4067,55.9939,34.05,11,82,2.9,IR,1687636411
277,blauvelt,41.0634,-73.9576,27.92,81,90,0.45,US,1687636295
278,khobar,26.2794,50.2083,36.08,11,0,3.09,SA,1687636411
279,douentza,14.9951,-2.9517,32.23,37,81,2.72,ML,1687636411
280,plettenberg bay,-34.0527,23.3716,14.31,88,100,2.47,ZA,1687636411
281,loukhi,66.0764,33.0381,13.11,69,49,2.24,RU,1687636411
282,kansk,56.2017,95.7175,10.37,81,69,3.14,RU,1687636411
283,yatou,37.15,122.3833,19.49,94,0,3.46,CN,1687636412
284,margate,51.3813,1.3862,22.05,67,0,3.39,GB,1687636412
285,kapa'a,22.0752,-159.319,29.18,74,100,8.23,US,1687636412
286,camenca,48.0319,28.6978,20.93,91,100,2.29,MD,1687636412
287,jinghong,21.991,100.7341,22.72,99,100,0.9,CN,1687636412
288,chililabombwe,-12.3648,27.8229,12.99,56,3,2.64,ZM,1687636412
289,cabo san lucas,22.8909,-109.9124,32.56,69,4,0.89,MX,1687636228
290,mkushi,-13.6202,29.3939,12.38,82,5,2.89,ZM,1687636413
291,nelson,-41.2833,173.2833,10.16,92,100,0.89,NZ,1687636413
292,petushki,55.9264,39.461,11.23,94,12,1.61,RU,1687636413
293,tommot,58.9564,126.2925,15.01,90,14,0.64,RU,1687636413
294,bougouni,11.417,-7.479,31.72,40,66,3.17,ML,1687636414
295,nova xavantina,-14.6667,-52.35,30.4,34,100,1.28,BR,1687636414
296,happy valley-goose bay,53.3168,-60.3315,12.17,87,100,1.54,CA,1687636414
297,haiku-pauwela,20.9219,-156.3051,27.01,65,20,8.75,US,1687636414
298,kolwezi,-10.7148,25.4667,13.56,45,5,2.25,CD,1687636415
299,la'ie,21.6477,-157.9253,28.98,69,33,3.58,US,1687636415
300,illizi,26.4833,8.4667,35.89,11,0,6.25,DZ,1687636415
301,vilyuchinsk,52.9306,158.4028,11.15,83,96,0.81,RU,1687636415
302,carauari,-4.8828,-66.8958,31.28,57,88,1.98,BR,1687636415
303,kapoeta,4.7717,33.5903,24.22,77,32,2.51,SS,1687636416
304,filadelfia,39.9523,-75.1638,29.54,74,75,2.06,US,1687636378
305,manakara,-22.1333,48.0167,18.26,75,98,2.86,MG,1687636416
306,manokwari,-0.8667,134.0833,25.99,75,77,1.97,ID,1687636416
307,sotouboua,8.5667,0.9833,21.48,96,100,1.47,TG,1687636416
308,santa maria,-29.6842,-53.8069,27.61,54,0,4.63,BR,1687635763
309,hegang,47.4,130.3667,17.83,98,100,0.85,CN,1687636417
310,alofi,-19.0595,-169.9187,20.94,94,18,0.51,NU,1687636417
311,okhotsk,59.3833,143.3,12.14,80,94,1.52,RU,1687636417
312,boyolangu,-8.1181,111.8935,21.95,94,35,0.69,ID,1687636417
313,mao,39.8885,4.2658,24.31,64,0,0.51,ES,1687636417
314,tonekabon,36.8163,50.8738,22.97,60,0,1.74,IR,1687636417
315,toma,12.7667,-2.8833,33.77,40,8,3.33,BF,1687636417
316,vila velha,-20.3297,-40.2925,23.97,82,75,4.63,BR,1687636358
317,road town,18.4167,-64.6167,30.05,66,40,5.14,VG,1687636418
318,queenstown,-31.8976,26.8753,10.07,48,0,1.43,ZA,1687636418
319,fatsa,41.0278,37.5014,19.89,90,0,2.57,TR,1687636418
320,ataq,14.5377,46.8319,29.01,44,100,2.54,YE,1687636418
321,katsuura,35.1333,140.3,21.56,89,100,1.25,JP,1687636418
322,konarka,19.9,86.1167,26.22,83,100,3.89,IN,1687636342
323,santa ana,33.7456,-117.8678,29.12,56,40,3.09,US,1687636148
324,puerto deseado,-47.7503,-65.8938,6.05,74,100,2.83,AR,1687636419
325,nizhniy odes,63.6445,54.856,10.18,76,100,2.78,RU,1687636419
326,ad dabbah,18.05,30.95,33.43,11,27,4.93,SD,1687636419
327,ta`u,-14.2336,-169.5144,26.44,74,17,0.1,AS,1687636419
328,porto novo,6.4965,2.6036,24.9,89,95,3.61,BJ,1687636419
329,kruisfontein,-34.0033,24.7314,13.27,92,100,1.49,ZA,1687636420
330,westport,41.1415,-73.3579,27.4,80,75,4.63,US,1687636403
331,krasnyy chikoy,50.3643,108.7512,11.66,98,7,0.82,RU,1687636420
332,birjand,32.8663,59.2211,30.26,10,2,8.23,IR,1687636420
333,watertown,42.3709,-71.1828,26.41,77,100,4.63,US,1687636375
334,salto del guaira,-24.0625,-54.3069,23.5,65,0,3.13,PY,1687636420
335,macau,22.2006,113.5461,28.85,89,40,5.14,MO,1687636421
336,tchintabaraden,15.8969,5.7985,30.42,40,78,7.84,NE,1687636421
337,quibala,-10.7337,14.98,15.57,70,0,0.64,AO,1687636421
338,tsiombe,-25.3,45.4833,17.71,64,99,2.37,MG,1687636421
339,salym,60.0625,71.4789,6.23,81,99,1.23,RU,1687636421
340,pskov,57.8136,28.3496,17.95,68,0,1.0,RU,1687636422
341,taulaga,-11.0553,-171.0883,28.12,72,12,4.67,AS,1687636422
342,san antonio de pale,-1.4014,5.6325,24.01,74,55,3.43,GQ,1687636422
343,arvayheer,46.2639,102.775,12.09,75,95,1.98,MN,1687636143
344,gondar,12.6,37.4667,15.81,80,100,3.21,ET,1687636350
345,piti village,13.4626,144.6933,27.49,87,40,2.57,GU,1687636422
346,soe,-9.8607,124.284,18.16,94,48,1.94,ID,1687636422
347,agadez,19.75,10.25,31.9,23,21,3.39,NE,1687636423
348,timmins,48.4669,-81.3331,25.9,38,75,4.63,CA,1687636145
349,nuuk,64.1835,-51.7216,3.34,87,75,3.6,GL,1687636423
350,abu al matamir,30.9102,30.1744,24.27,65,0,3.15,EG,1687636423
351,murzuq,25.9155,13.9184,29.76,18,0,4.39,LY,1687636423
352,san diego country estates,33.0067,-116.7836,29.25,44,0,3.13,US,1687636423
353,breves,-1.6822,-50.4803,30.65,55,12,1.74,BR,1687636423
354,korla,41.7597,86.1469,23.81,30,98,6.94,CN,1687636424
355,kiruna,67.8557,20.2251,11.51,76,100,2.06,SE,1687636424
356,kansanshi,-12.0951,26.4273,12.21,57,0,1.23,ZM,1687636424
357,mulayjah,27.271,48.4242,35.18,12,0,1.21,SA,1687636424
358,basco,20.4487,121.9702,28.38,78,98,8.27,PH,1687636424
359,barranca,-10.75,-77.7667,22.28,66,0,3.78,PE,1687636424
360,naifaru,5.4444,73.3657,26.77,83,100,8.59,MV,1687636425
361,kiunga,-6.1219,141.2906,23.17,98,100,1.52,PG,1687636425
362,port-vila,-17.7338,168.3219,16.78,94,40,1.03,VU,1687636425
363,chul'man,56.8479,124.9104,10.26,81,41,1.2,RU,1687636425
364,mugia,43.1041,-9.2179,19.39,92,3,3.13,ES,1687636425
365,chifeng,42.2683,118.9636,23.77,33,9,3.12,CN,1687636425
366,villa gesell,-37.2639,-56.973,11.7,86,100,3.1,AR,1687636426
367,izyum,49.2088,37.2485,18.4,94,100,2.28,UA,1687636426
368,fuerte olimpo,-21.0415,-57.8738,33.71,26,0,4.69,PY,1687636426
369,ronne,55.1009,14.7066,17.95,82,17,4.63,DK,1687636426
370,zhanaozen,43.3,52.8,22.14,32,67,4.37,KZ,1687636426
371,maile,-38.9466,-72.3727,11.34,81,100,0.89,CL,1687636426
372,gisborne,-38.6533,178.0042,13.12,84,100,6.96,NZ,1687636426
373,fortuna foothills,32.6578,-114.4119,38.45,7,0,2.24,US,1687636427
374,port blair,11.6667,92.75,28.02,83,40,2.06,IN,1687636427
375,inari,68.906,27.0288,21.11,45,80,0.85,FI,1687636427
376,hamamatsu,34.7,137.7333,21.07,89,63,1.31,JP,1687636230
377,tuapse,44.1125,39.0742,19.34,85,0,2.21,RU,1687636427
378,baukau,51.5526,7.2042,24.92,43,0,1.59,DE,1687636427
379,tofol,5.3248,163.0078,28.41,77,100,6.34,FM,1687636427
380,ryotsu-minato,38.0833,138.4333,19.18,87,51,0.14,JP,1687636428
381,guerrero negro,27.9769,-114.0611,22.44,56,0,9.34,MX,1687636428
382,kailua-kona,19.6406,-155.9956,27.98,80,40,3.6,US,1687635943
383,coquimbo,-29.9533,-71.3436,19.85,72,0,6.17,CL,1687636396
384,kayyerkan,69.3786,87.7439,8.5,100,100,2.88,RU,1687636428
385,la passe,45.5549,-0.8967,27.13,63,25,3.27,FR,1687636428
386,makubetsu,45.3714,141.8211,14.08,92,9,3.19,JP,1687636429
387,belmonte,-15.8631,-38.8828,23.77,77,100,2.73,BR,1687636429
388,aswan,24.0934,32.907,36.61,11,0,0.0,EG,1687636429
389,phalaborwa,-23.943,31.1411,18.6,55,0,1.63,ZA,1687636429
390,hotan,37.0997,79.9269,28.34,17,7,5.02,CN,1687636429
391,andergrove,-21.0833,149.1833,16.47,91,19,1.42,AU,1687636429
392,maintirano,-18.0667,44.0167,22.1,69,0,5.28,MG,1687636429
393,ulan bator,47.9077,106.8832,8.07,93,20,2.0,MN,1687636430
394,ribeira brava,32.65,-17.0667,23.35,70,0,1.19,PT,1687636430
395,princeville,45.7668,-61.2985,28.82,50,0,4.63,CA,1687636430
396,karatas,36.582,35.3701,26.08,65,0,2.83,TR,1687636430
397,pauini,-7.7136,-66.9764,28.47,68,100,0.29,BR,1687636430
398,gaspe,48.8334,-64.4819,25.12,61,100,2.06,CA,1687636145
399,fort mcmurray,56.7268,-111.381,27.77,32,0,3.09,CA,1687636430
400,katsuren-haebaru,26.3369,127.8719,27.01,83,98,3.83,JP,1687636431
401,antofagasta,-23.65,-70.4,22.6,68,3,1.84,CL,1687636310
402,xilin hot,43.9667,116.0333,21.14,49,13,2.54,CN,1687636431
403,caleta de carquin,-11.0925,-77.6267,22.33,68,4,3.67,PE,1687636431
404,eyl,7.9803,49.8164,25.28,79,100,10.63,SO,1687636431
405,kapuskasing,49.4169,-82.4331,24.05,46,100,3.6,CA,1687636432
406,kenora,49.8167,-94.4337,22.54,49,75,7.2,CA,1687636432
407,arraial do cabo,-22.9661,-42.0278,24.98,78,0,2.57,BR,1687636432
408,minas de marcona,-15.2119,-75.1103,19.37,56,2,3.56,PE,1687636432
409,olinda,-8.0089,-34.8553,27.85,65,40,5.66,BR,1687636432
410,muang xay,20.7,101.9833,22.12,99,100,0.9,LA,1687636432
411,cradock,-32.1642,25.6192,11.25,48,0,2.03,ZA,1687636433
412,rosetta,31.4044,30.4164,24.51,75,0,4.44,EG,1687636433
413,chabahar,25.2919,60.643,29.63,77,90,5.53,IR,1687636433
414,nieves,15.3274,120.9485,27.73,91,98,1.18,PH,1687636433
415,santana,-0.0583,-51.1817,32.1,58,40,3.6,BR,1687636431
416,korsakov,46.6328,142.7813,10.91,90,92,0.33,RU,1687636433
417,novyy turtkul',41.55,61.0167,23.95,18,5,5.36,UZ,1687636434
418,yanchep,-31.55,115.6833,11.07,79,38,3.54,AU,1687636434
419,wynyard,-41.0,145.7167,10.42,87,51,4.99,AU,1687636434
420,quelimane,-17.8786,36.8883,19.97,88,75,1.03,MZ,1687636434
421,mahanje,-9.9333,35.3333,16.36,70,78,0.49,TZ,1687636434
422,afif,23.9065,42.9172,32.77,10,28,2.84,SA,1687636434
423,joao pinheiro,-17.7425,-46.1725,22.85,38,100,1.53,BR,1687636434
424,berberati,4.2612,15.7922,20.61,96,100,0.37,CF,1687636435
425,hasaki,35.7333,140.8333,22.38,87,100,2.1,JP,1687636435
426,as sulayyil,20.4607,45.5779,35.14,9,1,0.91,SA,1687636435
427,gadzhiyevo,69.2551,33.3362,12.7,72,98,3.98,RU,1687636435
428,bridgewater,44.3835,-64.5155,27.28,76,100,8.75,CA,1687636368
429,waingapu,-9.6567,120.2641,23.67,86,100,2.99,ID,1687636435
430,yaren,-0.5472,166.916,28.85,76,65,6.37,NR,1687636436
431,kutum,14.2,24.6667,29.9,31,100,4.0,SD,1687636436
432,mount pearl,47.5166,-52.7813,25.19,65,20,7.2,CA,1687636032
433,sechura,-5.5569,-80.8222,27.2,59,63,5.63,PE,1687636436
434,luwuk,-0.9516,122.7875,24.92,88,71,1.94,ID,1687636436
435,sisimiut,66.9395,-53.6735,5.96,72,100,3.63,GL,1687636436
436,jingdezhen,29.2947,117.2079,22.56,99,100,1.05,CN,1687636436
437,masterton,-40.9597,175.6575,11.62,93,100,2.73,NZ,1687636436
438,tayaman,13.2295,120.5726,26.6,84,100,3.32,PH,1687636437
439,bati,11.1833,40.0167,24.81,34,29,5.11,ET,1687636437
440,tulln,48.3283,16.0586,19.41,86,86,2.04,AT,1687636437
441,tomatlan,19.9333,-105.25,33.79,45,1,5.48,MX,1687636437
442,touros,-5.1989,-35.4608,26.25,73,11,6.72,BR,1687636437
443,arteche,12.2645,125.4048,25.81,86,100,1.2,PH,1687636437
444,gilgit,35.9221,74.3087,28.9,40,9,1.06,PK,1687636438
445,zaragoza,41.6561,-0.8773,32.67,32,0,2.57,ES,1687636359
446,inverell,-29.7833,151.1167,6.01,66,0,1.69,AU,1687636438
447,derinkuyu,38.3751,34.7342,20.31,62,0,1.61,TR,1687636438
448,trenggalek,-8.05,111.7167,22.22,95,70,0.48,ID,1687636438
449,remiremont,48.0175,6.5882,22.1,63,0,2.26,FR,1687636438
450,crateus,-5.1783,-40.6775,31.13,39,61,4.88,BR,1687636439
451,forest,37.3638,-79.2897,28.84,71,75,2.06,US,1687636439
452,myitkyina,25.3833,97.4,23.74,99,61,0.48,MM,1687636439
453,bikenibeu village,1.3673,173.1241,28.98,84,75,4.63,KI,1687636439
454,lianzhou,24.7811,112.3825,23.43,99,100,1.25,CN,1687636439
455,yanam,16.7333,82.2167,24.62,93,100,2.33,IN,1687636440
456,sake,-1.5736,29.045,17.86,92,99,0.9,CD,1687636440
457,portland,45.5234,-122.6762,25.61,49,0,2.68,US,1687636353
458,kilju,40.9642,129.3278,17.55,96,42,0.35,KP,1687636440
459,taoudenni,22.6783,-3.9836,38.87,7,0,0.57,ML,1687636440
460,olula del rio,37.383,-2.3067,25.86,48,0,2.12,ES,1687636440
461,la cruz,23.9167,-106.9,32.02,57,4,4.51,MX,1687636440
462,ak'ordat,15.5486,37.8867,27.82,48,100,3.35,ER,1687636441
463,cartagena,10.3997,-75.5144,31.79,70,40,5.66,CO,1687635983
464,iskateley,67.6803,53.1512,10.01,65,99,2.51,RU,1687636441
465,hajiganj,23.2511,90.8592,26.26,90,100,5.59,BD,1687636441
466,dunhua,43.3725,128.2425,17.4,90,67,2.57,CN,1687636441
467,meadow lake,34.8014,-106.5436,33.08,7,0,5.9,US,1687636442
468,revda,56.801,59.9303,8.13,89,66,1.53,RU,1687636442
469,tosno,59.54,30.8775,15.9,81,8,1.62,RU,1687636442
470,mossel bay,-34.1831,22.146,13.96,89,100,8.01,ZA,1687636442
471,vilyuysk,63.7553,121.6247,17.18,70,99,2.22,RU,1687636442
472,nagasaki,32.7447,129.8736,24.91,78,100,1.06,JP,1687636151
473,keflavik,64.0049,-22.5624,12.95,94,100,5.66,IS,1687636442
474,aberystwyth,52.4155,-4.0829,19.28,89,91,1.91,GB,1687636443
475,richards bay,-28.783,32.0377,17.23,90,0,2.68,ZA,1687636443
476,rio verde de mato grosso,-18.9181,-54.8442,28.05,45,28,2.32,BR,1687636443
477,san rafael del yuma,18.4299,-68.6739,34.11,55,21,5.64,DO,1687636443
478,tateyama,34.9833,139.8667,22.21,86,100,1.17,JP,1687636443
479,tangalle,6.024,80.7911,25.48,90,100,4.97,LK,1687636443
480,la ronge,55.1001,-105.2842,26.14,31,20,3.6,CA,1687636444
481,draguignan,43.5333,6.4667,26.31,54,0,1.54,FR,1687636444
482,the pas,53.8251,-101.2541,28.01,26,75,3.6,CA,1687636444
483,castro marim,37.2207,-7.4435,26.81,46,0,2.45,PT,1687636444
484,benguela,-12.5763,13.4055,19.8,86,53,1.63,AO,1687636444
485,san jose del cabo,23.0589,-109.6977,32.55,61,5,1.79,MX,1687636368
486,greymouth,-42.4667,171.2,11.65,88,100,2.3,NZ,1687636444
487,linhares,-19.3911,-40.0722,21.3,92,100,0.93,BR,1687636445
488,lorengau,-2.0226,147.2712,27.07,79,100,4.9,PG,1687636445
489,bandar lampung,-5.4254,105.258,24.22,94,100,1.35,ID,1687636445
490,robore,-18.3333,-59.75,31.2,39,2,4.47,BO,1687636445
491,bella vista,36.4295,-94.2316,34.07,60,0,8.75,US,1687636445
492,newport,51.5877,-2.9984,24.06,84,1,2.51,GB,1687636445
493,turtas,58.9417,69.1325,8.09,74,100,0.7,RU,1687636446
494,paragominas,-2.9667,-47.4833,27.94,65,79,2.21,BR,1687636446
495,pula,44.8683,13.8481,22.31,64,20,5.66,HR,1687636446
496,devils lake,48.1128,-98.8651,19.06,73,100,11.83,US,1687636446
497,keetmanshoop,-26.5833,18.1333,17.51,16,0,3.09,NA,1687636446
498,bodaybo,57.8506,114.1933,14.44,97,100,0.97,RU,1687636446
499,prainha,-1.8,-53.48,30.93,54,43,1.9,BR,1687636446
500,ghidigeni,46.05,27.5,20.45,73,100,1.75,RO,1687636447
501,n'zeto,-7.2312,12.8666,21.81,91,4,3.89,AO,1687636447
502,menongue,-14.6585,17.691,12.41,39,0,1.94,AO,1687636447
503,ulladulla,-35.35,150.4667,12.23,51,0,4.1,AU,1687636193
504,icano,-28.9193,-65.3282,27.48,34,0,1.7,AR,1687636447
505,mhamid,29.82,-5.72,34.4,7,0,4.47,MA,1687636447
506,matoury,4.8483,-52.3317,28.98,79,75,3.6,GF,1687636448
507,homer,59.6425,-151.5483,16.54,87,75,3.09,US,1687636448
508,fontanelas,38.8472,-9.4372,27.73,49,20,8.75,PT,1687636448
509,dzuunharaa,48.8523,106.4579,12.37,93,15,0.27,MN,1687636448
510,gembu,6.7,11.2667,17.02,97,100,1.38,NG,1687636448
511,aktau,43.65,51.2,18.32,59,0,4.28,KZ,1687636222
512,quellon,-43.1167,-73.6167,12.14,76,75,2.06,CL,1687636448
513,itaiba,-8.9475,-37.4228,22.7,78,75,5.32,BR,1687636449
514,nicoya,10.1483,-85.452,29.08,76,100,1.31,CR,1687636449
515,agat village,13.3886,144.6585,27.52,89,40,2.57,GU,1687636449
516,zouerate,22.7187,-12.4521,33.34,16,1,6.35,MR,1687636449
517,lesnoy,57.6198,63.0784,8.58,94,96,0.8,RU,1687636449
518,tolanaro,-25.0319,46.9987,16.04,77,40,2.06,MG,1687636449
519,amahai,-3.3333,128.9167,25.16,89,22,1.28,ID,1687636450
520,planeta rica,8.4147,-75.5883,29.67,78,100,2.55,CO,1687636450
521,kudahuvadhoo,2.6708,72.8944,27.86,79,100,7.2,MV,1687636450
522,bermejillo,25.8833,-103.6167,36.69,12,9,4.03,MX,1687636450
523,kaiapoi,-43.3783,172.6401,12.82,94,75,4.12,NZ,1687636264
524,chernyshevskiy,63.0128,112.4714,13.07,68,99,1.34,RU,1687636450
525,macaubas,-13.0194,-42.6986,26.08,29,93,1.5,BR,1687636450
526,brejo,-3.6844,-42.7503,28.44,67,96,1.73,BR,1687636451
527,claveria,18.6074,121.0832,26.03,86,100,3.82,PH,1687636451
528,oodweyne,9.4092,45.064,25.2,52,100,6.59,SO,1687636451
529,maddela,16.3414,121.6849,22.55,94,100,0.17,PH,1687636451
530,sidi yahia el gharb,34.3065,-6.3062,26.37,71,0,4.16,MA,1687636451
531,gerash,27.6652,54.1371,30.08,11,0,2.97,IR,1687636451
532,kolokani,13.5728,-8.0339,27.06,61,82,9.05,ML,1687636452
533,santiago de cao,-7.9589,-79.2392,24.07,78,7,5.66,PE,1687636452
534,monrovia,6.3005,-10.7969,26.87,88,64,3.85,LR,1687636452
535,taroa,8.7058,171.2275,28.33,77,57,9.37,MH,1687636452
536,nyurba,63.2842,118.3319,15.47,73,100,0.25,RU,1687636452
537,dingli,35.8614,14.3822,22.12,83,0,7.2,MT,1687636452
538,pedernales,18.0384,-71.744,32.3,53,73,0.86,DO,1687636452
539,arno,60.1167,18.6333,13.89,68,40,2.89,SE,1687636453
540,nantucket,41.2835,-70.0995,25.08,94,40,5.66,US,1687636431
541,coahuayana de hidalgo,18.7,-103.6583,33.63,50,58,4.41,MX,1687636453
542,pariaman,-0.619,100.12,25.03,89,99,1.44,ID,1687636453
543,sao vicente,-23.9631,-46.3919,30.1,57,0,3.09,BR,1687636453
544,la sarre,48.8002,-79.1996,26.37,35,87,4.71,CA,1687636453
545,saint-philippe,-21.3585,55.7679,19.77,81,86,6.43,RE,1687636454
546,khandyga,62.6667,135.6,21.15,68,4,0.5,RU,1687636454
547,yerofey pavlovich,53.9667,121.9667,9.68,91,61,2.21,RU,1687636454
548,castelldefels,41.2779,1.9703,27.99,84,20,2.06,ES,1687636454
549,al qusiyah,27.4402,30.8184,32.15,19,0,4.57,EG,1687636454
550,ujae,8.9322,165.7642,28.22,80,84,8.65,MH,1687636454
551,mega,4.05,38.3,16.72,62,78,3.5,ET,1687636455
552,alice springs,-23.7,133.8833,12.9,53,40,25.48,AU,1687636455
553,t'aebaek,37.1759,128.9889,16.59,91,14,1.18,KR,1687636455
554,revelstoke,50.9832,-118.2023,20.01,56,0,2.06,CA,1687636455
555,pacific grove,36.6177,-121.9166,21.23,69,40,4.63,US,1687636455
556,bowen,-20.0167,148.2333,21.89,77,97,3.0,AU,1687636455
557,hlusk,52.903,28.6845,18.52,81,100,2.15,BY,1687636456
558,barra de santo antonio,-9.4047,-35.5072,23.6,83,3,7.21,BR,1687636456
559,plouzane,48.3833,-4.6167,25.18,57,0,3.09,FR,1687636456
560,ngaoundere,7.3167,13.5833,18.8,94,100,1.21,CM,1687636456
561,frontera,26.9333,-101.45,40.18,31,20,3.6,MX,1687636456
562,gualeguaychu,-33.0094,-58.5172,21.8,78,100,1.57,AR,1687636254
563,hami,42.8,93.45,26.1,17,100,0.95,CN,1687636457
564,nagqu,31.5,92.0,3.26,34,0,1.21,CN,1687636457
565,tynda,55.1667,124.7167,9.79,86,63,0.62,RU,1687636457
566,dudinka,69.4058,86.1778,8.68,92,100,4.02,RU,1687636457
567,kattivakkam,13.2167,80.3167,30.05,86,100,3.52,IN,1687636457
568,kyabe,9.4515,18.9449,23.42,87,100,2.0,TD,1687636439
569,old orchard beach,43.5173,-70.3775,24.03,93,100,3.09,US,1687636458
